Phase,Task,Timeline,Priority,Dependencies,Estimated Cost
Phase 1: Foundation,Choose platform (Kajabi/Thinkific/WordPress),Week 1,Critical,None,$0-500
Phase 1: Foundation,Purchase domain name,Week 1,Critical,None,$15-20/year
Phase 1: Foundation,Set up hosting (if self-hosted),Week 1,Critical,Domain,$10-100/month
Phase 1: Foundation,Install SSL certificate,Week 1,Critical,Hosting,Free-$100
Phase 2: Design,Customize website theme/template,Week 2-3,High,Platform setup,$0-300
Phase 2: Design,Create logo and branding materials,Week 2,High,None,$50-500
Phase 2: Design,Design senior-friendly navigation,Week 2-3,Critical,Theme,$0
Phase 2: Design,Set up color scheme and fonts,Week 2,Medium,Theme,$0
Phase 3: Content,Upload course videos,Week 3-4,Critical,Platform setup,$0
Phase 3: Content,Create downloadable resources (PDFs),Week 3-4,High,None,$0-200
Phase 3: Content,Write all website copy,Week 3-4,Critical,None,$0-1000
Phase 3: Content,Create course curriculum pages,Week 4,Critical,Videos uploaded,$0
Phase 4: Features,Set up payment processing (Stripe/PayPal),Week 4,Critical,Platform,$0+fees
Phase 4: Features,Configure email automation,Week 4-5,High,Platform,$0-50/mo
Phase 4: Features,Set up community forum,Week 5,Medium,Platform,$0-30/mo
Phase 4: Features,Create contact forms,Week 5,Medium,Platform,$0
Phase 5: SEO/Marketing,Install Google Analytics,Week 5,Critical,Website live,Free
Phase 5: SEO/Marketing,Set up Google Search Console,Week 5,Critical,Website live,Free
Phase 5: SEO/Marketing,Submit XML sitemap,Week 5,High,Search Console,Free
Phase 5: SEO/Marketing,Implement schema markup,Week 5-6,High,Website live,$0-200
Phase 5: SEO/Marketing,Create lead magnet (free resource),Week 6,High,None,$0-100
Phase 6: Testing,Test all forms and CTAs,Week 6,Critical,All features built,$0
Phase 6: Testing,Mobile responsiveness testing,Week 6,Critical,All features built,$0
Phase 6: Testing,Page speed optimization,Week 6-7,High,All pages built,$0-200
Phase 6: Testing,Security testing,Week 7,Critical,All features built,$0
Phase 7: Launch,Soft launch to beta testers,Week 7,High,Testing complete,$0
Phase 7: Launch,Collect feedback and iterate,Week 8,High,Soft launch,$0
Phase 7: Launch,Public launch,Week 8,Critical,Feedback implemented,$0
Phase 8: Post-Launch,Set up Facebook Pixel,Week 9,High,Public launch,Free
Phase 8: Post-Launch,Launch initial ad campaigns,Week 9-10,High,Public launch,$500-2000
Ongoing,Monitor analytics weekly,Ongoing,High,Launch,$0
Ongoing,A/B test landing pages,Ongoing,Medium,Launch,$0
Ongoing,Create blog content monthly,Ongoing,High,Launch,$0-500/mo
Ongoing,Update courses with new content,Quarterly,Medium,Launch,$0
Ongoing,Gather testimonials from students,Ongoing,High,Launch,$0
