Marketing Channel,Strategy,Cost,Difficulty,Expected ROI,Best For
Facebook Ads,Target ages 55-75 in specific locations,Medium-High,Medium,High,Quick student acquisition
Google Search Ads,Bid on 'business courses for retirees' keywords,Medium-High,Medium,High,High-intent searchers
SEO Content,Blog posts about retirement business topics,Low,Medium,Very High,Long-term organic traffic
Email Marketing,"Build list with free resources, nurture sequence",Low,Low,Very High,Converting warm leads
YouTube Channel,Free tutorials on starting businesses,Low,Medium,High,Building authority and trust
AARP Partnerships,Advertise in AARP publications,High,Low,Medium,Direct access to target demographic
Senior Community Centers,In-person presentations and workshops,Low,Low,Medium,Local awareness and trust
LinkedIn,Share success stories and business tips,Low,Low,Medium,Professional credibility
Podcast Interviews,Guest on retirement and business podcasts,Free,Low,Medium,Reaching engaged audiences
Facebook Groups,Join and participate in retirement groups,Free,Low,Medium,Building community presence
Referral Program,Student referral incentives,Low,Low,High,Leveraging satisfied students
Webinars,Free live training sessions,Low,Medium,High,Converting engaged prospects
Local Newspapers,Articles in community papers,Low-Medium,Low,Low,Local credibility
Direct Mail,Postcards to targeted zip codes,Medium,Low,Medium,Older demographic comfort
Microsoft Bing Ads,Older demographic uses Bing more,Low-Medium,Low,Medium,Less competitive than Google
